<?xml version="1.0" encoding="utf-8"?>
<odoo>
    <data noupdate="1">

        <record id="notify_project_task_deadline" model="ir.cron">
            <field name="name">[Tasks Daily Reminder] Notify users about overdue tasks</field>
            <field name="interval_number">1</field>
            <field name="interval_type">days</field>
            <field name="numbercall">-1</field>
            <field name="nextcall" eval="(DateTime.now() + timedelta(days=1)).strftime('%Y-%m-%d 07:00:00')" />
            <field name="model_id" ref="project.model_project_task"/>
            <field name="state">code</field>
            <field name="code">model.action_cron_notify()</field>
        </record>

    </data>
</odoo>
