<?xml version="1.0" encoding="utf-8"?>
<odoo>

    <record id="module_category_task_checklist" model="ir.module.category">
        <field name="name">Tasks Checklist</field>
        <field name="sequence">2000</field>
        <field name="parent_id" ref="base.module_category_services"/>
    </record>
    <record id="group_task_checklist_superuser" model="res.groups">
        <field name="name">Checklist Super User</field>
        <field name="implied_ids" eval="[(4, ref('project.group_project_user'))]"/>
        <field name="users" eval="[(4, ref('base.user_root'))]"/>
        <field name="category_id" ref="task_checklist.module_category_task_checklist"/>
    </record>

</odoo>